SG%20553,Tornado
UMP-45,Caramel
Five-SeveN,Candy%20Apple
AUG,Hot%20Rod
Negev,Anodized%20Navy
MP9,Bulldozer
Glock-18,Fade
Nova,Forest%20Leaves
Five-SeveN,Jungle
SSG%2008,Lichen%20Dashed
AK-47,Jungle%20Spray
M4A4,Jungle%20Tiger
Tec-9,Ossified
G3SG1,Contractor
MP7,Olive%20Plaid
CZ75-Auto,Green%20Plaid
MP9,Green%20Plaid
SSG%2008,Sand%20Dune
SG%20553,Traveler
P90,Leather
MAC-10,Commuter
P2000,Coach%20Class
Sawed-Off,First%20Class
USP-S,Business%20Class
XM1014,Red%20Leather
AK-47,First%20Class
Desert%20Eagle,Pilot
AK-47,Jet%20Set
Tec-9,Urban%20DDPAT
SG%20553,Army%20Sheen
Sawed-Off,Forest%20DDPAT
Negev,Army%20Sheen
MP7,Forest%20DDPAT
R8%20Revolver,Bone%20Mask
UMP-45,Carbon%20Fiber
Nova,Caged%20Steel
MAC-10,Silver
Glock-18,Death%20Rattle
G3SG1,Green%20Apple
Galil%20AR,Tuxedo
Desert%20Eagle,Meteorite
CZ75-Auto,Tuxedo
AK-47,Emerald%20Pinstripe
P250,Franklin
Negev,Nuclear%20Waste
P250,Contamination
AUG,Radiation%20Hazard
PP-Bizon,Chemical%20Green
SG%20553,Fallout%20Warning
Five-SeveN,Hot%20Shot
Glock-18,Reactor
MP9,Setting%20Sun
XM1014,Bone%20Machine
MAC-10,Nuclear%20Garden
Tec-9,Toxic
FAMAS,Styx
Galil%20AR,Cerberus
P90,Storm
UMP-45,Indigo
MAC-10,Indigo
SCAR-20,Storm
Dual%20Berettas,Briar
USP-S,Royal%20Blue
Nova,Green%20Apple
MAG-7,Silver
Sawed-Off,Rust%20Coat
P2000,Chainmail
MP9,Dark%20Age
Desert%20Eagle,Hand%20Cannon
CZ75-Auto,Chalice
M4A1-S,Knight
AWP,Dragon%20Lore
M4A4,Desert%20Storm
SCAR-20,Palm
AK-47,Predator
AWP,Snake%20Camo
AUG,Copperhead
Sawed-Off,Copper
Desert%20Eagle,Blaze
P2000,Scorpion
Glock-18,Brass
Nova,Predator
MP9,Sand%20Dashed
P90,Sand%20Spray
SCAR-20,Sand%20Mesh
P250,Sand%20Dune
G3SG1,Desert%20Storm
Tec-9,VariCamo
MAC-10,Palm
Five-SeveN,Orange%20Peel
AK-47,Safari%20Mesh
Sawed-Off,Snake%20Camo
M4A1-S,VariCamo
PP-Bizon,Brass
SG%20553,Damascus%20Steel
P2000,Amber%20Fade
R8%20Revolver,Amber%20Fade
MAG-7,Sand%20Dune
Nova,Walnut
P250,Gunsmoke
M4A4,Tornado
Dual%20Berettas,Anodized%20Navy
Tec-9,Brass
PP-Bizon,Sand%20Dashed
Nova,Sand%20Dune
FAMAS,Colony
AUG,Contractor
Tec-9,Groundwater
Nova,Candy%20Apple
Dual%20Berettas,Stained
P2000,Granite%20Marbleized
UMP-45,Gunsmoke
M4A1-S,Boreal%20Forest
XM1014,CaliCamo
MP7,Anodized%20Navy
Glock-18,Candy%20Apple
Sawed-Off,Full%20Stop
AWP,Pit%20Viper
G3SG1,Jungle%20Dashed
SG%20553,Waves%20Perforated
Galil%20AR,Sage%20Spray
AUG,Storm
XM1014,Blue%20Spruce
P250,Boreal%20Forest
XM1014,Blue%20Steel
FAMAS,Cyanospatter
PP-Bizon,Night%20Ops
AWP,Safari%20Mesh
Desert%20Eagle,Mudder
SG%20553,Anodized%20Navy
P90,Teardown
USP-S,Night%20Ops
Dual%20Berettas,Cobalt%20Quartz
XM1014,Grassland
MAC-10,Tornado
PP-Bizon,Forest%20Leaves
P2000,Grassland%20Leaves
Nova,Modern%20Hunter
Nova,Blaze%20Orange
P250,Modern%20Hunter
XM1014,Blaze%20Orange
PP-Bizon,Modern%20Hunter
M4A4,Modern%20Hunter
SCAR-20,Splash%20Jam
Galil%20AR,Hunting%20Blind
P90,Scorched
G3SG1,Safari%20Mesh
AUG,Colony
Five-SeveN,Contractor
P250,Bone%20Mask
MP7,Orange%20Peel
Glock-18,Groundwater
SG%20553,Gator%20Mesh
SSG%2008,Tropical%20Storm
Negev,CaliCamo
MP9,Hot%20Rod
UMP-45,Blaze
MAC-10,Amber%20Fade
MAG-7,Bulldozer
MAG-7,Irradiated%20Alert
Sawed-Off,Irradiated%20Alert
PP-Bizon,Irradiated%20Alert
P90,Fallout%20Warning
UMP-45,Fallout%20Warning
XM1014,Fallout%20Warning
M4A4,Radiation%20Hazard
P250,Nuclear%20Threat
Tec-9,Nuclear%20Threat
FAMAS,Contrast%20Spray
Galil%20AR,Winter%20Forest
G3SG1,Arctic%20Camo
M249,Blizzard%20Marbleized
P2000,Silver
MP7,Whiteout
Sawed-Off,Sage%20Spray
UMP-45,Scorched
M249,Contrast%20Spray
MAG-7,Storm
MP9,Storm
Desert%20Eagle,Urban%20DDPAT
MP7,Gunsmoke
Glock-18,Night
P2000,Grassland
CZ75-Auto,Nitro
SSG%2008,Detour
XM1014,VariCamo%20Blue
AWP,Pink%20DDPAT
USP-S,Road%20Rash
M4A1-S,Master%20Piece
Dual%20Berettas,Contractor
MP7,Army%20Recon
Tec-9,Army%20Mesh
SSG%2008,Blue%20Spruce
SCAR-20,Contractor
MP9,Orange%20Peel
AUG,Condemned
USP-S,Forest%20Leaves
Galil%20AR,VariCamo
M249,Gator%20Mesh
G3SG1,VariCamo
FAMAS,Teardown
Five-SeveN,Silver%20Quartz
SSG%2008,Acid%20Fade
M4A1-S,Nitro
PP-Bizon,Urban%20Dashed
Nova,Polar%20Mesh
Five-SeveN,Forest%20Night
G3SG1,Polar%20Camo
Dual%20Berettas,Colony
UMP-45,Urban%20DDPAT
M4A4,Urban%20DDPAT
MAC-10,Candy%20Apple
P90,Ash%20Wood
SCAR-20,Carbon%20Fiber
MAG-7,Metallic%20DDPAT
P250,Metallic%20DDPAT
Sawed-Off,Amber%20Fade
Desert%20Eagle,Urban%20Rubble
Tec-9,Red%20Quartz
XM1014,Urban%20Perforated
MAC-10,Urban%20DDPAT
PP-Bizon,Carbon%20Fiber
P90,Glacier%20Mesh
AK-47,Black%20Laminate
Dual%20Berettas,Demolition
SCAR-20,Army%20Sheen
CZ75-Auto,Army%20Sheen
M249,Impact%20Drill
MAG-7,Seabird
Desert%20Eagle,Night
Galil%20AR,Urban%20Rubble
USP-S,Para%20Green
MAC-10,Fade
P250,Whiteout
MP7,Full%20Stop
Five-SeveN,Nitro
CZ75-Auto,Emerald
SG%20553,Bulldozer
Dual%20Berettas,Duelist
Glock-18,Twilight%20Galaxy
M4A1-S,Hot%20Rod
MP7,Asterion
AUG,Daedalus
Dual%20Berettas,Moon%20in%20Libra
Nova,Moon%20in%20Libra
Tec-9,Hades
P2000,Pathfinder
AWP,Sun%20in%20Leo
M249,Shipping%20Forecast
UMP-45,Minotaur's%20Labyrinth
MP9,Pandora's%20Box
G3SG1,Chronos
M4A1-S,Icarus%20Fell
M4A4,Poseidon
AWP,Medusa
PP-Bizon,Bamboo%20Print
Sawed-Off,Bamboo%20Shadow
Tec-9,Bamboo%20Forest
G3SG1,Orange%20Kimono
P250,Mint%20Kimono
P250,Crimson%20Kimono
Desert%20Eagle,Midnight%20Storm
Galil%20AR,Aqua%20Terrace
MAG-7,Counter%20Terrace
Tec-9,Terrace
Five-SeveN,Neon%20Kimono
Desert%20Eagle,Sunset%20Storm
Desert%20Eagle,Sunset%20Storm
M4A4,Daybreak
AK-47,Hydroponic
AUG,Akihabara%20Accept
M249,Jungle%20DDPAT
Tec-9,Tornado
MP9,Dry%20Season
Five-SeveN,Anodized%20Gunmetal
XM1014,Jungle
MP7,Groundwater
Glock-18,Sand%20Dune
SSG%2008,Mayan%20Dreams
Negev,Palm
Sawed-Off,Mosaico
P250,Facets
AUG,Anodized%20Navy
MAG-7,Hazard
PP-Bizon,Rust%20Coat
FAMAS,Spitfire
SCAR-20,Emerald
MP7,Skulls
SG%20553,Ultraviolet
AUG,Wings
M4A1-S,Dark%20Water
USP-S,Dark%20Water
Glock-18,Dragon%20Tattoo
Desert%20Eagle,Hypnotic
AK-47,Case%20Hardened
AWP,Lightning%20Strike
M4A4,Faded%20Zebra
FAMAS,Doomkitty
MAG-7,Memento
Sawed-Off,Orange%20DDPAT
P250,Splash
Galil%20AR,Orange%20DDPAT
AK-47,Red%20Laminate
AWP,BOOM
P90,Death%20by%20Kitty
Nova,Tempest
Dual%20Berettas,Black%20Limba
UMP-45,Bone%20Pile
SG%20553,Wave%20Spray
Galil%20AR,Shattered
G3SG1,Demeter
M4A1-S,Bright%20Water
M4A4,Zirka
MAC-10,Graven
USP-S,Overgrowth
P90,Emerald%20Dragon
P2000,Ocean%20Foam
AWP,Graphite
Desert%20Eagle,Golden%20Koi
AK-47,Fire%20Serpent
Tec-9,Blue%20Titanium
M4A1-S,Blood%20Tiger
FAMAS,Hexane
P250,Hive
SCAR-20,Crimson%20Web
Five-SeveN,Case%20Hardened
MP9,Hypnotic
Nova,Graphite
Dual%20Berettas,Hemoglobin
P90,Cold%20Blooded
USP-S,Serum
SSG%2008,Blood%20in%20the%20Water
PP-Bizon,Cobalt%20Halftone
M249,Magma
Five-SeveN,Kami
Galil%20AR,Sandstorm
Nova,Rising%20Skull
MP9,Rose%20Iron
Dual%20Berettas,Marina
FAMAS,Pulse
AWP,Redline
P250,Mehndi
M4A1-S,Guardian
Sawed-Off,The%20Kraken
M4A4,Asiimov
Galil%20AR,Blue%20Titanium
Five-SeveN,Nightshade
PP-Bizon,Water%20Sigil
Nova,Ghost%20Camo
G3SG1,Azure%20Zebra
P250,Steel%20Disruption
AK-47,Blue%20Laminate
P90,Blind%20Spot
FAMAS,Afterimage
AWP,Electric%20Hive
Desert%20Eagle,Cobalt%20Disruption
M4A4,X-Ray
CZ75-Auto,Crimson%20Web
P2000,Red%20FragCam
Dual%20Berettas,Panther
USP-S,Stainless
Glock-18,Blue%20Fissure
CZ75-Auto,Tread%20Plate
Tec-9,Titanium%20Bit
Desert%20Eagle,Heirloom
Five-SeveN,Copper%20Galaxy
CZ75-Auto,The%20Fuschia%20Is%20Now
P250,Undertow
CZ75-Auto,Victoria
UMP-45,Corporal
Negev,Terrain
Tec-9,Sandstorm
MAG-7,Heaven%20Guard
MAC-10,Heat
SG%20553,Pulse
FAMAS,Sergeant
USP-S,Guardian
AK-47,Redline
P90,Trigon
Nova,Antique
AWP,Asiimov
AUG,Chameleon
Tec-9,Isaac
SSG%2008,Slashed
Dual%20Berettas,Retribution
Galil%20AR,Kami
P90,Desert%20Warfare
CZ75-Auto,Poison%20Dart
CZ75-Auto,Twist
P90,Module
P2000,Pulse
AUG,Torque
PP-Bizon,Antique
XM1014,Heaven%20Guard
MAC-10,Curse
MAC-10,Tatter
M4A1-S,Atomic%20Alloy
SCAR-20,Cyrex
USP-S,Orion
USP-S,Caiman
AK-47,Vulcan
M4A4,Desert-Strike
M4A4,Howl
MP7,Urban%20Hazard
Negev,Desert-Strike
P2000,Ivory
SSG%2008,Abyss
UMP-45,Labyrinth
PP-Bizon,Osiris
CZ75-Auto,Tigris
Nova,Koi
P250,Supernova
Desert%20Eagle,Conspiracy
Five-SeveN,Fowl%20Play
Glock-18,Water%20Elemental
P90,Asiimov
M4A1-S,Cyrex
SSG%2008,Dark%20Water
MAC-10,Ultraviolet
USP-S,Blood%20Tiger
CZ75-Auto,Hexane
Negev,Bratatat
XM1014,Red%20Python
PP-Bizon,Blue%20Streak
P90,Virus
MP7,Ocean%20Foam
Glock-18,Steel%20Disruption
Desert%20Eagle,Crimson%20Web
AUG,Bengal%20Tiger
Nova,Bloomstick
AWP,Corticera
P2000,Corticera
M4A4,Bullet%20Rain
AK-47,Jaguar
G3SG1,Murky
MAG-7,Firestarter
MP9,Dart
Five-SeveN,Urban%20Hazard
UMP-45,Delusion
Glock-18,Grinder
M4A1-S,Basilisk
M4A4,Griffin
Sawed-Off,Highwayman
P250,Cartel
SCAR-20,Cardiac
XM1014,Tranquility
AK-47,Wasteland%20Rebel
P2000,Fire%20Elemental
Glock-18,Catacombs
M249,System%20Lock
MP9,Deadly%20Poison
SCAR-20,Grotto
XM1014,Quicksilver
Dual%20Berettas,Urban%20Shock
Desert%20Eagle,Naga
MAC-10,Malachite
Sawed-Off,Serenity
AK-47,Cartel
M4A4,Dragon%20King
P250,Muertos
AWP,Man-o'-war
Galil%20AR,Chatterbox
AK-47,Elite%20Build
MP7,Armor%20Core
Desert%20Eagle,Bronze%20Deco
P250,Valence
Negev,Man-o'-war
Sawed-Off,Origami
AWP,Worm%20God
MAG-7,Heat
CZ75-Auto,Pole%20Position
UMP-45,Grand%20Prix
Five-SeveN,Monkey%20Business
Galil%20AR,Eco
FAMAS,Djinn
M4A1-S,Hyper%20Beast
MAC-10,Neon%20Rider
Galil%20AR,Rocket%20Pop
Glock-18,Bunsen%20Burner
Nova,Ranger
P90,Elite%20Build
UMP-45,Riot
USP-S,Torque
FAMAS,Neural%20Net
M4A4,Evil%20Daimyo
MP9,Ruby%20Poison%20Dart
Negev,Loudmouth
P2000,Handgun
CZ75-Auto,Yellow%20Jacket
MP7,Nemesis
SG%20553,Cyrex
AK-47,Aquamarine%20Revenge
AWP,Hyper%20Beast
Dual%20Berettas,Dualing%20Dragons
FAMAS,Survivor%20Z
Glock-18,Wraiths
MAC-10,Rangeen
MAG-7,Cobalt%20Core
SCAR-20,Green%20Marine
XM1014,Scumbria
Galil%20AR,Stone%20Cold
M249,Nebula%20Crusader
MP7,Special%20Delivery
P250,Wingshot
AK-47,Frontside%20Misty
G3SG1,Flux
SSG%2008,Big%20Iron
M4A1-S,Golden%20Coil
USP-S,Kill%20Confirmed
R8%20Revolver,Crimson%20Web
AUG,Ricochet
Desert%20Eagle,Corinthian
P2000,Imperial
Sawed-Off,Yorick
PP-Bizon,Fuel%20Rod
Five-SeveN,Retrobution
Negev,Power%20Loader
SG%20553,Tiger%20Moth
Tec-9,Avalanche
XM1014,Teclu%20Burner
AK-47,Point%20Disarray
G3SG1,The%20Executioner
P90,Shapewood
M4A4,Royal%20Paladin
R8%20Revolver,Fade
PP-Bizon,Photic%20Zone
Dual%20Berettas,Cartel
MAC-10,Lapis%20Gator
SSG%2008,Necropos
Tec-9,Jambiya
USP-S,Lead%20Conduit
FAMAS,Valence
Five-SeveN,Triumvirate
Glock-18,Royal%20Legion
MAG-7,Praetorian
MP7,Impire
AWP,Elite%20Build
Desert%20Eagle,Kumicho%20Dragon
Nova,Hyper%20Beast
M4A4,The%20Battlestar
AK-47,Fuel%20Injector
Dual%20Berettas,Ventilators
G3SG1,Orange%20Crash
M249,Spectre
MP9,Bioleak
P2000,Oceanic
SG%20553,Atlas
Sawed-Off,Fubar
Galil%20AR,Firefight
CZ75-Auto,Red%20Astor
XM1014,Black%20Tie
SSG%2008,Ghost%20Crusader
Tec-9,Re-Entry
UMP-45,Primal%20Saber
P250,Asiimov
AUG,Fleet%20Flock
M4A1-S,Chantico's%20Fire
PP-Bizon,Judgement%20of%20Anubis
Five-SeveN,Violent%20Daimyo
MAC-10,Carnivore
Nova,Exo
P250,Iron%20Clad
PP-Bizon,Harvester
SG%20553,Aerial
Tec-9,Ice%20Cap
AUG,Aristocrat
AWP,Phobos
P90,Chopper
R8%20Revolver,Reboot
Sawed-Off,Limelight
M4A4,Desolate%20Space
P2000,Imperial%20Dragon
SCAR-20,Bloodsport
Glock-18,Wasteland%20Rebel
M4A1-S,Mecha%20Industries
XM1014,Slipstream
UMP-45,Briefing
P90,Grim
Negev,Dazzle
G3SG1,Ventilator
Five-SeveN,Scumbria
CZ75-Auto,Imprint
SG%20553,Triarch
SCAR-20,Powercore
MAG-7,Petroglyph
Glock-18,Weasel
Desert%20Eagle,Directive
Tec-9,Fuel%20Injector
MP9,Airlock
AUG,Syd%20Mead
AK-47,Neon%20Revolution
FAMAS,Roll%20Cage
P2000,Turf
MAG-7,Sonar
MP9,Sand%20Scale
Galil%20AR,Black%20Sand
MP7,Cirrus
Glock-18,Ironwork
CZ75-Auto,Polymer
USP-S,Cyrex
Nova,Gila
M4A1-S,Flashback
G3SG1,Stinger
Dual%20Berettas,Royal%20Consorts
Sawed-Off,Wasteland%20Princess
P90,Shallow%20Grave
FAMAS,Mecha%20Industries
M4A4,Buzz%20Kill
SSG%2008,Dragonfire
PP-Bizon,Jungle%20Slipstream
SCAR-20,Blueprint
Desert%20Eagle,Oxide%20Blaze
Five-SeveN,Capillary
MP7,Akoben
P250,Ripple
Sawed-Off,Zander
Galil%20AR,Crimson%20Tsunami
M249,Emerald%20Poison%20Dart
MAC-10,Last%20Dive
UMP-45,Scaffold
XM1014,Seasons
AWP,Fever%20Dream
CZ75-Auto,Xiangliu
M4A1-S,Decimator
AK-47,Bloodsport
USP-S,Neo-Noir
USP-S,Blueprint
FAMAS,Macabre
M4A1-S,Briefing
MAC-10,Aloha
MAG-7,Hard%20Water
Tec-9,Cut%20Out
UMP-45,Metal%20Flowers
AK-47,Orbit%20Mk01
P2000,Woodsman
P250,Red%20Rock
P90,Death%20Grip
SSG%2008,Death's%20Head
Dual%20Berettas,Cobra%20Strike
Galil%20AR,Sugar%20Rush
M4A4,Hellfire
Five-SeveN,Hyper%20Beast
AWP,Oni%20Taiji
MAC-10,Oceanic
Sawed-Off,Morris
SCAR-20,Jungle%20Slipstream
Five-SeveN,Capillary
AUG,Triqua
G3SG1,Hunter
Tec-9,Cracked%20Opal
Glock-18,Off%20World
MP9,Goo
SG%20553,Phantom
XM1014,Ziggy
UMP-45,Exposure
CZ75-Auto,Tacticat
PP-Bizon,High%20Roller
R8%20Revolver,Llama%20Cannon
M4A1-S,Leaded%20Glass
AK-47,The%20Empress
P250,See%20Ya%20Later
SG%20553,Aloha
MP9,Black%20Sand
XM1014,Oxide%20Blaze
P2000,Urban%20Hazard
R8%20Revolver,Grip
Five-SeveN,Flame%20Test
PP-Bizon,Night%20Riot
Nova,Wild%20Six
Negev,Lionfish
MAG-7,SWAG-7
UMP-45,Arctic%20Wolf
Glock-18,Moonrise
USP-S,Cortex
AUG,Stymphalian
AWP,Mortis
MP7,Bloodsport
M4A4,Neo-Noir
